James,3.318
John,3.271
Robert,3.143
Michael,2.629
William,2.451
David,2.363
Richard,1.703
Charles,1.523
Joseph,1.404
Thomas,1.38
Christopher,1.035
Daniel,0.974
Paul,0.948
Mark,0.938
Donald,0.931
George,0.927
Kenneth,0.826
Steven,0.78
Edward,0.779
Brian,0.736
Ronald,0.725
Anthony,0.721
Kevin,0.671
Jason,0.66
Matthew,0.657
Gary,0.65
Timothy,0.64
Jose,0.613
Larry,0.598
Jeffrey,0.591
Frank,0.581
Scott,0.546
Eric,0.544
Stephen,0.54
Andrew,0.537
Raymond,0.488
Gregory,0.441
Joshua,0.435
Jerry,0.432
Dennis,0.415
Walter,0.399
Patrick,0.389
Peter,0.381
Harold,0.371
Douglas,0.367
Henry,0.365
Carl,0.346
Arthur,0.335
Ryan,0.328
Roger,0.322
Joe,0.321
Juan,0.316
Jack,0.315
Albert,0.314
Jonathan,0.313
Justin,0.311
Terry,0.311
Gerald,0.309
Keith,0.308
Samuel,0.306
Willie,0.302
Lawrence,0.282
Ralph,0.282
Nicholas,0.275
Roy,0.273
Benjamin,0.27
Bruce,0.263
Brandon,0.26
Adam,0.259
Fred,0.251
Harry,0.251
Wayne,0.249
Billy,0.248
Steve,0.246
Louis,0.243
Jeremy,0.242
Aaron,0.24
Randy,0.232
Eugene,0.23
Howard,0.23
Carlos,0.229
Russell,0.224
Bobby,0.223
Victor,0.222
Martin,0.216
Ernest,0.215
Phillip,0.213
Todd,0.213
Jesse,0.209
Craig,0.206
Alan,0.204
Shawn,0.2
Chris,0.197
Clarence,0.197
Philip,0.197
Sean,0.197
Johnny,0.195
Earl,0.193
Jimmy,0.191
Antonio,0.19
Bryan,0.19
Danny,0.19
Tony,0.19
Luis,0.189
Mike,0.189
Leonard,0.186
Stanley,0.186
Nathan,0.185
Dale,0.184
Manuel,0.181
Curtis,0.18
Rodney,0.18
Norman,0.177
Allen,0.174
Marvin,0.171
Vincent,0.168
Glenn,0.167
Jeff,0.166
Jeffery,0.166
Travis,0.166
Chad,0.165
Jacob,0.165
Alfred,0.162
Lee,0.162
Melvin,0.162
Francis,0.16
Kyle,0.16
Bradley,0.159
Herbert,0.155
Jesus,0.155
Frederick,0.154
Ray,0.153
Joel,0.152
Edwin,0.148
Don,0.145
Eddie,0.144
Ricky,0.141
Randall,0.138
Troy,0.138
Barry,0.134
Alexander,0.132
Bernard,0.127
Leroy,0.125
Mario,0.125
Francisco,0.124
Marcus,0.124
Clifford,0.123
Micheal,0.123
Theodore,0.123
Miguel,0.122
Oscar,0.122
Jay,0.118
Jim,0.118
Tom,0.117
Alex,0.115
Calvin,0.115
Jon,0.115
Ronnie,0.113
Bill,0.112
Derek,0.112
Leon,0.112
Lloyd,0.112
Tommy,0.112
Warren,0.11
Darrell,0.108
Jerome,0.108
Floyd,0.107
Leo,0.106
Alvin,0.105
Dean,0.104
Gordon,0.104
Greg,0.104
Jorge,0.104
Tim,0.104
Wesley,0.104
Derrick,0.103
Dustin,0.103
Pedro,0.103
Dan,0.101
Lewis,0.099
Zachary,0.099
Corey,0.098
Herman,0.097
Maurice,0.097
Roberto,0.097
Vernon,0.097
Clyde,0.095
Glen,0.094
Hector,0.094
Ricardo,0.093
Shane,0.093
Sam,0.092
Lester,0.091
Rick,0.091
Brent,0.09
Charlie,0.09
Ramon,0.09
Gilbert,0.089
Tyler,0.089
Gene,0.087
Marc,0.087
Reginald,0.084
Angel,0.082
Brett,0.082
Ruben,0.082
Leslie,0.081
Nathaniel,0.081
Rafael,0.081
Edgar,0.08
Milton,0.08
Raul,0.079
Ben,0.078
Cecil,0.078
Chester,0.078
Duane,0.077
Franklin,0.077
Andre,0.076
Elmer,0.074
Brad,0.073
Gabriel,0.073
Arnold,0.072
Harvey,0.072
Mitchell,0.072
Roland,0.072
Ron,0.072
Jared,0.071
Adrian,0.069
Karl,0.069
Claude,0.068
Cory,0.068
Erik,0.068
Darryl,0.067
Jamie,0.066
Neil,0.066
Christian,0.065
Clinton,0.065
Fernando,0.065
Javier,0.065
Jessie,0.065
Darren,0.064
Lonnie,0.064
Mathew,0.064
Ted,0.064
Tyrone,0.064
Cody,0.063
Julio,0.063
Kelly,0.063
Lance,0.063
Kurt,0.062
Allan,0.061
Nelson,0.061
Clayton,0.06
Guy,0.06
Hugh,0.06
Dwayne,0.059
Max,0.059
Armando,0.058
Dwight,0.058
Felix,0.058
Jimmie,0.058
Everett,0.057
Ian,0.056
Jordan,0.056
Wallace,0.056
Bob,0.055
Jaime,0.055
Ken,0.055
Alfredo,0.054
Casey,0.054
Alberto,0.053
Dave,0.053
Ivan,0.053
Byron,0.052
Johnnie,0.052
Julian,0.052
Sidney,0.052
Isaac,0.051
Morris,0.051
Clifton,0.05
Daryl,0.05
Ross,0.05
Willard,0.05
Andy,0.049
Kirk,0.049
Marshall,0.049
Perry,0.049
Salvador,0.049
Sergio,0.049
Virgil,0.049
Kent,0.048
Marion,0.048
Rene,0.048
Seth,0.048
Terrance,0.048
Tracy,0.048
Eduardo,0.047
Terrence,0.047
Enrique,0.046
Freddie,0.046
Wade,0.045
Austin,0.044
Stuart,0.044
Alejandro,0.043
Arturo,0.043
Fredrick,0.043
Jackie,0.043
Joey,0.043
Luther,0.043
Nick,0.043
Dana,0.042
Evan,0.042
Jeremiah,0.042
Julius,0.042
Wendell,0.042
Donnie,0.041
Otis,0.041
Doug,0.04
Gerard,0.04
Homer,0.04
Luke,0.04
Oliver,0.04
Shannon,0.04
Trevor,0.04
Angelo,0.039
Hubert,0.039
Kenny,0.039
Shaun,0.039
Alfonso,0.038
Lyle,0.038
Lynn,0.038
Matt,0.038
Cameron,0.037
Carlton,0.037
Ernesto,0.037
Neal,0.037
Orlando,0.037
Rex,0.037
Blake,0.036
Grant,0.036
Horace,0.036
Kerry,0.036
Lorenzo,0.036
Omar,0.036
Pablo,0.036
Roderick,0.036
Wilbur,0.036
Abraham,0.035
Ira,0.035
Jean,0.035
Rickey,0.035
Willis,0.035
Andres,0.034
Cesar,0.034
Damon,0.034
Johnathan,0.034
Kelvin,0.034
Malcolm,0.034
Preston,0.034
Rudolph,0.034
Rudy,0.034
Alton,0.033
Archie,0.033
Marco,0.033
Wm,0.033
Bennie,0.032
Dominic,0.032
Ed,0.032
Felipe,0.032
Garry,0.032
Geoffrey,0.032
Gerardo,0.032
Jonathon,0.032
Loren,0.032
Pete,0.032
Randolph,0.032
Robin,0.032
Colin,0.031
Delbert,0.031
Earnest,0.031
Guillermo,0.031
Lucas,0.031
Benny,0.03
Edmund,0.03
Myron,0.03
Noel,0.03
Rodolfo,0.03
Spencer,0.03
Cedric,0.029
Garrett,0.029
Gregg,0.029
Lowell,0.029
Salvatore,0.029
Devin,0.028
Israel,0.028
Jermaine,0.028
Kim,0.028
Roosevelt,0.028
Sherman,0.028
Sylvester,0.028
Wilson,0.028
Forrest,0.027
Leland,0.027
Wilbert,0.027
Bryant,0.026
Carroll,0.026
Clark,0.026
Guadalupe,0.026
Irving,0.026
Owen,0.026
Simon,0.026
Gustavo,0.025
Jake,0.025
Kristopher,0.025
Levi,0.025
Mack,0.025
Marcos,0.025
Rufus,0.025
Sammy,0.025
Woodrow,0.025
Clint,0.024
Dallas,0.024
Drew,0.024
Ellis,0.024
Gilberto,0.024
Ismael,0.024
Jody,0.024
Laurence,0.024
Lionel,0.024
Marty,0.024
Nicolas,0.024
Orville,0.024
Taylor,0.024
Al,0.023
Caleb,0.023
Dewey,0.023
Erick,0.023
Ervin,0.023
Frankie,0.023
Hugo,0.023
Ignacio,0.023
Josh,0.023
Sheldon,0.023
Tomas,0.023
Wilfred,0.023
Alonzo,0.022
Bert,0.022
Conrad,0.022
Darrel,0.022
Doyle,0.022
Elbert,0.022
Elias,0.022
Noah,0.022
Pat,0.022
Ramiro,0.022
Rogelio,0.022
Santiago,0.022
Stewart,0.022
Terence,0.022
Bradford,0.021
Clay,0.021
Cornelius,0.021
Dexter,0.021
Grady,0.021
Lamar,0.021
Merle,0.021
Percy,0.021
Phil,0.021
Rolando,0.021
Amos,0.02
Darin,0.02
Darnell,0.02
Irvin,0.02
Moses,0.02
Randal,0.02
Roman,0.02
Saul,0.02
Terrell,0.02
Tommie,0.02
Abel,0.019
Aubrey,0.019
Boyd,0.019
Brendan,0.019
Cary,0.019
Courtney,0.019
Darrin,0.019
Domingo,0.019
Dominick,0.019
Edmond,0.019
Elijah,0.019
Emanuel,0.019
Emil,0.019
Emilio,0.019
Emmett,0.019
Jan,0.019
Jerald,0.019
Marlon,0.019
Santos,0.019
Timmy,0.019
Toby,0.019
Van,0.019
Winston,0.019
Bret,0.018
Dewayne,0.018
Emmanuel,0.018
Humberto,0.018
Jess,0.018
Louie,0.018
Morgan,0.018
Otto,0.018
Reynaldo,0.018
Stephan,0.018
Teddy,0.018
Trent,0.018
Will,0.018
Billie,0.017
Demetrius,0.017
Efrain,0.017
Eldon,0.017
Ethan,0.017
Garland,0.017
Harley,0.017
Heath,0.017
Lamont,0.017
Logan,0.017
Micah,0.017
Miles,0.017
Rodger,0.017
Stacy,0.017
Vicente,0.017
Antoine,0.016
Bryce,0.016
Chase,0.016
Chuck,0.016
Cleveland,0.016
Damian,0.016
Dylan,0.016
Eli,0.016
Elton,0.016
Freddy,0.016
Grover,0.016
Junior,0.016
Kendall,0.016
Mickey,0.016
Pierre,0.016
Robbie,0.016
Rocky,0.016
Royce,0.016
Sterling,0.016
Agustin,0.015
August,0.015
Benito,0.015
Blaine,0.015
Curt,0.015
Ernie,0.015
Erwin,0.015
Hans,0.015
Jasper,0.015
Leonardo,0.015
Monte,0.015
Murray,0.015
Quentin,0.015
Reuben,0.015
Russel,0.015
Stan,0.015
Adolfo,0.014
Ashley,0.014
Bart,0.014
Brady,0.014
Buddy,0.014
Burton,0.014
Damien,0.014
Darwin,0.014
Denis,0.014
Desmond,0.014
Devon,0.014
Elliot,0.014
Elliott,0.014
Gregorio,0.014
Harlan,0.014
Harrison,0.014
Jamal,0.014
Jarrod,0.014
Joaquin,0.014
Tyson,0.014
Vance,0.014
Wilfredo,0.014
Anton,0.013
Brain,0.013
Carey,0.013
Darius,0.013
Elvin,0.013
Elwood,0.013
Esteban,0.013
Hal,0.013
Kendrick,0.013
Kermit,0.013
Moises,0.013
Nolan,0.013
Norbert,0.013
Quinton,0.013
Rob,0.013
Rod,0.013
Roscoe,0.013
Scotty,0.013
Solomon,0.013
Williams,0.013
Xavier,0.013
Ali,0.012
Alvaro,0.012
Armand,0.012
Bryon,0.012
Cliff,0.012
Dane,0.012
Fabian,0.012
Fidel,0.012
Graham,0.012
Jackson,0.012
Jeffry,0.012
Joesph,0.012
Marcel,0.012
Marlin,0.012
Mason,0.012
Michel,0.012
Monty,0.012
Ned,0.012
Raphael,0.012
Reggie,0.012
Rory,0.012
Rusty,0.012
Sammie,0.012
Son,0.012
Thaddeus,0.012
Thurman,0.012
Adolph,0.011
Alexis,0.011
Alphonso,0.011
Avery,0.011
Carmen,0.011
Derick,0.011
Diego,0.011
Gerry,0.011
Gonzalo,0.011
Gus,0.011
Isaiah,0.011
Kris,0.011
Loyd,0.011
Millard,0.011
Noe,0.011
Norris,0.011
Rickie,0.011
Rigoberto,0.011
Rocco,0.011
Rodrigo,0.011
Shelby,0.011
Stacey,0.011
Ty,0.011
Vaughn,0.011
Wiley,0.011
Basil,0.01
Bernardo,0.01
Bobbie,0.01
Bruno,0.01
Clement,0.01
Cole,0.01
Coy,0.01
Dante,0.01
Davis,0.01
Denny,0.01
Dion,0.01
Donnell,0.01
Donovan,0.01
Eddy,0.01
Elvis,0.01
Emery,0.01
Federico,0.01
Gavin,0.01
Heriberto,0.01
Hiram,0.01
Issac,0.01
Jarvis,0.01
Jayson,0.01
Jefferson,0.01
Mauricio,0.01
Maxwell,0.01
Maynard,0.01
Nickolas,0.01
Odell,0.01
Ollie,0.01
Quincy,0.01
Reed,0.01
Riley,0.01
Romeo,0.01
Scot,0.01
Sebastian,0.01
Ulysses,0.01
Vern,0.01
Vince,0.01
Ward,0.01
Art,0.009
Aurelio,0.009
Barney,0.009
Beau,0.009
Brock,0.009
Carlo,0.009
Carmelo,0.009
Carter,0.009
Charley,0.009
Cleo,0.009
Colby,0.009
Collin,0.009
Cruz,0.009
Delmar,0.009
Denver,0.009
Dick,0.009
Donny,0.009
Dudley,0.009
Frederic,0.009
Galen,0.009
Harris,0.009
Hollis,0.009
Hunter,0.009
Irwin,0.009
Isidro,0.009
Johnathon,0.009
Kirby,0.009
Kurtis,0.009
Lane,0.009
Linwood,0.009
Marcelino,0.009
Mary,0.009
Merlin,0.009
Merrill,0.009
Nestor,0.009
Sanford,0.009
Silas,0.009
Stefan,0.009
Trenton,0.009
Truman,0.009
Vito,0.009
Weldon,0.009
Winfred,0.009
Adan,0.008
Antony,0.008
Arron,0.008
Bennett,0.008
Bernie,0.008
Blair,0.008
Booker,0.008
Branden,0.008
Buford,0.008
Carson,0.008
Clair,0.008
Cornell,0.008
Dalton,0.008
Danial,0.008
Daren,0.008
Dirk,0.008
Dominique,0.008
Edwardo,0.008
Emerson,0.008
Emory,0.008
Errol,0.008
Fletcher,0.008
Gale,0.008
Genaro,0.008
German,0.008
Houston,0.008
Hung,0.008
Jacques,0.008
Jame,0.008
Joan,0.008
Josue,0.008
Landon,0.008
Laverne,0.008
Leonel,0.008
Lincoln,0.008
Mariano,0.008
Mohammad,0.008
Monroe,0.008
Numbers,0.008
Octavio,0.008
Pasquale,0.008
Raymundo,0.008
Robby,0.008
Shelton,0.008
Sonny,0.008
Theron,0.008
Tristan,0.008
Wilford,0.008
Wilmer,0.008
Zachery,0.008
Abdul,0.007
Aldo,0.007
Alphonse,0.007
Alva,0.007
Anderson,0.007
Ariel,0.007
Arnulfo,0.007
Augustine,0.007
Brooks,0.007
Carmine,0.007
Chadwick,0.007
Chance,0.007
Cyril,0.007
Cyrus,0.007
Duncan,0.007
Dusty,0.007
Erich,0.007
Erin,0.007
Eugenio,0.007
Ezra,0.007
Ferdinand,0.007
Forest,0.007
Freeman,0.007
Garth,0.007
Giovanni,0.007
Herschel,0.007
Jamel,0.007
Jarrett,0.007
Johnie,0.007
Jonas,0.007
Kennith,0.007
Lazaro,0.007
Lindsey,0.007
Lon,0.007
Luciano,0.007
Lucien,0.007
Major,0.007
Mervin,0.007
Mitchel,0.007
Mohammed,0.007
Morton,0.007
Myles,0.007
Randell,0.007
Reid,0.007
Rich,0.007
Ronny,0.007
Russ,0.007
Sandy,0.007
Scottie,0.007
Seymour,0.007
Stevie,0.007
Sydney,0.007
Thad,0.007
Tracey,0.007
Valentin,0.007
Wilburn,0.007
Young,0.007
Zane,0.007
Abe,0.006
Ahmad,0.006
Alden,0.006
Alec,0.006
Alfonzo,0.006
Andrea,0.006
Antwan,0.006
Aron,0.006
Barton,0.006
Berry,0.006
Boris,0.006
Brant,0.006
Brenton,0.006
Burt,0.006
Carol,0.006
Christoper,0.006
Claudio,0.006
Coleman,0.006
Deandre,0.006
Deon,0.006
Dewitt,0.006
Dino,0.006
Donn,0.006
Dorian,0.006
Earle,0.006
Edgardo,0.006
Efren,0.006
Eliseo,0.006
Elmo,0.006
Eloy,0.006
Emile,0.006
Everette,0.006
Faustino,0.006
Foster,0.006
Fritz,0.006
Gail,0.006
Gil,0.006
Gino,0.006
Hershel,0.006
Isiah,0.006
Ivory,0.006
Jamaal,0.006
Jamar,0.006
Jarred,0.006
Jerold,0.006
Jerrod,0.006
Josef,0.006
Josiah,0.006
Judson,0.006
Jules,0.006
Kareem,0.006
Kieth,0.006
Lanny,0.006
Lavern,0.006
Lemuel,0.006
Leopoldo,0.006
Les,0.006
Lucio,0.006
Lyman,0.006
Margarito,0.006
Marquis,0.006
Milford,0.006
Mitch,0.006
Napoleon,0.006
Nigel,0.006
Norberto,0.006
Normand,0.006
Olin,0.006
Osvaldo,0.006
Parker,0.006
Refugio,0.006
Reinaldo,0.006
Rico,0.006
Rodrick,0.006
Rosendo,0.006
Royal,0.006
Rubin,0.006
Sang,0.006
Tanner,0.006
Trey,0.006
Weston,0.006
Wilton,0.006
Wyatt,0.006
Yong,0.006
Abram,0.005
Adalberto,0.005
Ahmed,0.005
Amado,0.005
Anibal,0.005
Antone,0.005
Augustus,0.005
Barrett,0.005
Bertram,0.005
Bo,0.005
Bradly,0.005
Brendon,0.005
Brice,0.005
Bud,0.005
Burl,0.005
Chang,0.005
Chauncey,0.005
Chet,0.005
Chi,0.005
Chung,0.005
Cletus,0.005
Columbus,0.005
Connie,0.005
Damion,0.005
Dannie,0.005
Dario,0.005
Darrick,0.005
Dee,0.005
Delmer,0.005
Demarcus,0.005
Dillon,0.005
Donte,0.005
Dwain,0.005
Enoch,0.005
Fermin,0.005
Florencio,0.005
Frances,0.005
Fredric,0.005
Garfield,0.005
Geraldo,0.005
Giuseppe,0.005
Hank,0.005
Hassan,0.005
Hilario,0.005
Hilton,0.005
Hipolito,0.005
Horacio,0.005
Huey,0.005
Isaias,0.005
Jamey,0.005
Jamison,0.005
Jed,0.005
Jefferey,0.005
Jerrold,0.005
Jonah,0.005
Keenan,0.005
Kenton,0.005
Keven,0.005
Kip,0.005
Kory,0.005
Lawerence,0.005
Lenard,0.005
Lenny,0.005
Lou,0.005
Lupe,0.005
Lyndon,0.005
Mac,0.005
